<?xml version="1.0"?>
<sitesResponse xmlns:xsi="http://www.w3.org/2001/XMLSchema-instance" xmlns:xsd="http://www.w3.org/2001/XMLSchema" xmlns="http://www.cuahsi.org/waterML/1.1/">
  <queryInfo>
    <creationTime>2009-06-12T10:47:54.53125-07:00</creationTime>
    <criteria MethodCalled="GetSites" />
    <note>ALL Sites(empty request)</note>
  </queryInfo>
  <site>
    <siteInfo>
      <siteName>Little Bear River at Mendon Road near Mendon, Utah</siteName>
      <siteCode network="LBR" siteID="1">USU-LBR-Mendon</siteCode>
      <geoLocation>
        <geogLocation xsi:type="LatLonPointType" srs="EPSG:4269">
          <latitude>41.718473</latitude>
          <longitude>-111.946402</longitude>
        </geogLocation>
        <localSiteXY projectionInformation=" NAD83 / UTM zone 12N">
          <X>421276.323</X>
          <Y>4618952.04</Y>
        </localSiteXY>
      </geoLocation>
      <elevation_m>1345</elevation_m>
      <verticalDatum>NGVD29</verticalDatum>
      <siteProperty name="County">Cache</siteProperty>
      <siteProperty name="State">Utah</siteProperty>
      <siteProperty name="Site Comments">Located below county road bridge at Mendon Road crossing</siteProperty>
      <siteProperty name="PosAccuracy_m">1</siteProperty>
    </siteInfo>
  </site>
</site>
  <site>
    <siteInfo>
      <siteName>East Fork Little Bear River Radio Repeater near Avon, Utah</siteName>
      <siteCode network="LBR" siteID="9">USU-LBR-EFRepeater</siteCode>
      <geoLocation>
        <geogLocation xsi:type="LatLonPointType" srs="EPSG:4269">
          <latitude>41.536</latitude>
          <longitude>-111.806</longitude>
        </geogLocation>
        <localSiteXY projectionInformation=" NAD83 / UTM zone 12N">
          <X>432770.027</X>
          <Y>4598523.785</Y>
        </localSiteXY>
      </geoLocation>
      <elevation_m>1538</elevation_m>
      <verticalDatum>NGVD29</verticalDatum>
      <siteProperty name="County">Cache</siteProperty>
      <siteProperty name="State">Utah</siteProperty>
      <siteProperty name="Site Comments">Co-located with the Little Bear River upper weather station in the East Fork.</siteProperty>
    </siteInfo>
  </site>
  <site>
    <siteInfo>
      <siteName>Little Bear River near Wellsville, Utah</siteName>
      <siteCode network="LBR" siteID="10">USU-LBR-Wellsville</siteCode>
      <geoLocation>
        <geogLocation xsi:type="LatLonPointType" srs="EPSG:4269">
          <latitude>41.643457</latitude>
          <longitude>-111.917649</longitude>
        </geogLocation>
        <localSiteXY projectionInformation=" NAD83 / UTM zone 12N">
          <X>423579.317</X>
          <Y>4610597.583</Y>
        </localSiteXY>
      </geoLocation>
      <elevation_m>1365</elevation_m>
      <verticalDatum>NGVD29</verticalDatum>
      <siteProperty name="County">Cache</siteProperty>
      <siteProperty name="State">Utah</siteProperty>
      <siteProperty name="Site Comments">Located on the upstream side of State Highway 101 bridge.</siteProperty>
    </siteInfo>
  </site>
  <site>
    <siteInfo>
      <siteName>Little Bear River at Paradise, Utah</siteName>
      <siteCode network="LBR" siteID="12">10105900</siteCode>
      <geoLocation>
        <geogLocation xsi:type="LatLonPointType" srs="EPSG:4269">
          <latitude>41.5756</latitude>
          <longitude>-111.8544</longitude>
        </geogLocation>
      </geoLocation>
      <elevation_m>1445</elevation_m>
      <verticalDatum>Unknown</verticalDatum>
      <siteProperty name="County">Cache</siteProperty>
      <siteProperty name="State">Utah</siteProperty>
      <siteProperty name="Site Comments">This is a real time USGS streamflow gage.</siteProperty>
    </siteInfo>
  </site>
</sitesResponse>